0031F718;road.look0
0051C828;road.look1
00719938;road.look2
00916A48;road.look3
00B13B58;road.look4
00D10C68;road.look5
00F0DD78;road.look6
0110AE88;road.look7
01307F98;road.look8
015050A8;road.look9
050AD088;road.look10
09C3D8E8;road.look11
0E7CE148;road.look12
1335E9A8;road.look13
17EEF208;road.look14
1CA7FA68;road.look15
216102C8;road.look16
261A0B28;road.look17
2AD31388;road.look18
2F8C1BE8;road.look19
052AA198;road.look20
09E3A9F8;road.look21
0E9CB258;road.look22
1355BAB8;road.look23
180EC318;road.look24
1CC7CB78;road.look25
2180D3D8;road.look26
2639DC38;road.look27
2AF2E498;road.look28
2FABECF8;road.look29
22DAA384;road.template0
6F75C484;road.template1
BC10E584;road.template2
08AC0684;road.template3
55472784;road.template4
A1E24884;road.template5
EE7D6984;road.template6
3B188A84;road.template7
87B3AB84;road.template8
D44ECC84;road.template9
CE7CAA84;road.template10
2D839084;road.template11
8C8A7684;road.template12
EB915C84;road.template13
4A984284;road.template14
8EE1F284;road.template14b
A99F2884;road.template15
08A60E84;road.template16
67ACF484;road.template17
C6B3DA84;road.template18
25BAC084;road.template19
1B17CB84;road.template20
7A1EB184;road.template21
D9259784;road.template22
382C7D84;road.template23
97336384;road.template24
F63A4984;road.template25
55412F84;road.template26
B4481584;road.template27
134EFB84;road.template28
7255E184;road.template29
67B2EC84;road.template30
C6B9D284;road.template31
25C0B884;road.template32
84C79E84;road.template33
E3CE8484;road.template34
A1DC5084;road.template36
00E33684;road.template37
2B8CE284;road.template98
6FD69284;road.template98b
8A93C884;road.template99